{
    "nombre": "charmander",
    "peso": 85,
    "tama\u00f1o": 6,
    "tipos": [
        "fire"
    ],
    "habilidades": [
        "blaze",
        "solar-power"
    ],
    "movimientos": [
        "mega-punch",
        "fire-punch",
        "thunder-punch",
        "scratch",
        "swords-dance",
        "cut",
        "wing-attack",
        "mega-kick",
        "headbutt",
        "body-slam",
        "take-down",
        "double-edge",
        "leer",
        "bite",
        "growl",
        "roar",
        "ember",
        "flamethrower",
        "submission",
        "counter",
        "seismic-toss",
        "strength",
        "dragon-rage",
        "fire-spin",
        "dig",
        "toxic",
        "rage",
        "mimic",
        "double-team",
        "smokescreen",
        "defense-curl",
        "reflect",
        "bide",
        "fire-blast",
        "swift",
        "skull-bash",
        "fury-swipes",
        "rest",
        "rock-slide",
        "slash",
        "substitute",
        "snore",
        "curse",
        "protect",
        "scary-face",
        "belly-drum",
        "mud-slap",
        "outrage",
        "endure",
        "false-swipe",
        "swagger",
        "fury-cutter",
        "attract",
        "sleep-talk",
        "return",
        "frustration",
        "dynamic-punch",
        "dragon-breath",
        "iron-tail",
        "metal-claw",
        "hidden-power",
        "sunny-day",
        "crunch",
        "ancient-power",
        "rock-smash",
        "beat-up",
        "heat-wave",
        "will-o-wisp",
        "facade",
        "focus-punch",
        "helping-hand",
        "brick-break",
        "secret-power",
        "weather-ball",
        "air-cutter",
        "overheat",
        "rock-tomb",
        "aerial-ace",
        "dragon-claw",
        "dragon-dance",
        "natural-gift",
        "fling",
        "flare-blitz",
        "dragon-pulse",
        "dragon-rush",
        "focus-blast",
        "shadow-claw",
        "fire-fang",
        "captivate",
        "hone-claws",
        "flame-burst",
        "flame-charge",
        "round",
        "echoed-voice",
        "incinerate",
        "acrobatics",
        "inferno",
        "fire-pledge",
        "dragon-tail",
        "work-up",
        "confide",
        "power-up-punch",
        "breaking-swipe",
        "tera-blast",
        "temper-flare"
    ],
    "imagen": "https://raw.githubusercontent.com/PokeAPI/sprites/master/sprites/pokemon/4.png"
}