{
    "nombre": "latios",
    "peso": 600,
    "tama\u00f1o": 20,
    "tipos": [
        "dragon",
        "psychic"
    ],
    "habilidades": [
        "levitate"
    ],
    "movimientos": [
        "cut",
        "fly",
        "body-slam",
        "take-down",
        "double-edge",
        "roar",
        "surf",
        "ice-beam",
        "hyper-beam",
        "solar-beam",
        "thunderbolt",
        "thunder-wave",
        "thunder",
        "earthquake",
        "toxic",
        "confusion",
        "psychic",
        "agility",
        "mimic",
        "double-team",
        "recover",
        "light-screen",
        "reflect",
        "waterfall",
        "swift",
        "dream-eater",
        "flash",
        "psywave",
        "rest",
        "tri-attack",
        "substitute",
        "snore",
        "protect",
        "mud-slap",
        "icy-wind",
        "outrage",
        "sandstorm",
        "endure",
        "swagger",
        "fury-cutter",
        "steel-wing",
        "attract",
        "sleep-talk",
        "return",
        "frustration",
        "safeguard",
        "dragon-breath",
        "baton-pass",
        "hidden-power",
        "twister",
        "rain-dance",
        "sunny-day",
        "psych-up",
        "shadow-ball",
        "future-sight",
        "whirlpool",
        "memento",
        "facade",
        "helping-hand",
        "trick",
        "magic-coat",
        "refresh",
        "secret-power",
        "dive",
        "luster-purge",
        "weather-ball",
        "air-cutter",
        "aerial-ace",
        "dragon-claw",
        "calm-mind",
        "dragon-dance",
        "shock-wave",
        "water-pulse",
        "roost",
        "natural-gift",
        "tailwind",
        "psycho-shift",
        "heal-block",
        "last-resort",
        "aura-sphere",
        "air-slash",
        "dragon-pulse",
        "energy-ball",
        "giga-impact",
        "shadow-claw",
        "psycho-cut",
        "zen-headbutt",
        "defog",
        "draco-meteor",
        "captivate",
        "grass-knot",
        "charge-beam",
        "hone-claws",
        "power-split",
        "wonder-room",
        "psyshock",
        "telekinesis",
        "simple-beam",
        "round",
        "stored-power",
        "ally-switch",
        "heal-pulse",
        "retaliate",
        "bulldoze",
        "confide",
        "mystical-fire",
        "laser-focus",
        "liquidation",
        "breaking-swipe",
        "scale-shot",
        "flip-turn",
        "dual-wingbeat",
        "tera-blast",
        "chilling-water",
        "dragon-cheer",
        "psychic-noise"
    ],
    "imagen": "https://raw.githubusercontent.com/PokeAPI/sprites/master/sprites/pokemon/381.png"
}